bus,bus_id,name,annual_TWh,annual_pct,year_peak_valley,year_std,year_peak_hour,year_valley_hour,aug_peak_valley,aug_std,aug_peak_hour,jan_peak_valley,jan_std,jan_peak_hour,season_peak_shift
bus_85,85,봉화,1.1481438511808457,0.20881536175772747,1.1869807812777762,0.05513124803883883,23,17,1.1150786573970102,0.026888494757414186,10,1.2603747773224154,0.07663821095352949,23,13
bus_58,58,서산,9.733012333391148,1.7701636335022002,1.0428406830300128,0.013456852889640311,23,3,1.1160902622418314,0.03774990619264278,13,1.0685722522880754,0.017023300484483327,23,10
bus_53,53,당진,6.554632435524578,1.192104928145813,1.105785767821996,0.029141264822889187,23,21,1.13652576360632,0.038574583534970674,10,1.1542365553195826,0.04320445050415481,23,13
bus_137,137,여수,12.603027788271493,2.292139442408667,1.072346927534784,0.02275256468260959,11,3,1.1428158354317397,0.04806049195103496,13,1.0624658211742013,0.01791744181049923,23,10
bus_165,165,서울산,5.57787454454687,1.0144598951262538,1.08685505434729,0.0289261936736791,10,5,1.1580424774297304,0.051714909801721345,14,1.1099332704232086,0.029947931665002737,8,6
bus_134,134,광양,3.996008569554917,0.7267625691505419,1.0662374807440118,0.01928036731634433,10,21,1.17075269493174,0.054222968806684924,13,1.1017167945788826,0.026166146248149075,23,10
bus_150,150,북포항,5.097369164170331,0.9270693606329786,1.0912760951479414,0.024856088240604313,23,21,1.206470908711811,0.06296508761090938,13,1.1370446116582318,0.03644901482357089,23,10
bus_151,151,포항,5.290962818201367,0.9622786498339044,1.0876751277912324,0.02504577255411296,23,21,1.2146892412760062,0.0655157044127519,13,1.1332132763311114,0.035091112717296015,23,10
bus_51,51,평택,9.519772054201866,1.731381170839153,1.1361857677378635,0.04415776135301816,11,3,1.2206731673796145,0.07220707354998082,13,1.1336928863886784,0.04139287225863203,10,3
bus_167,167,울산,18.646973500114242,3.39136469102581,1.1226083000685996,0.03990575314682759,11,3,1.2238209903172887,0.07323042559834038,14,1.0963158295581659,0.030461337758619166,9,5
bus_57,57,아산,12.846061140422501,2.3363404345547396,1.1497479709494705,0.04916276125186062,10,3,1.2362020179119049,0.07620944706017237,14,1.1486736964462576,0.046670810222060176,9,5
bus_49,49,서평택,13.331822279438962,2.424686845039144,1.162457717148665,0.05305028993113564,11,3,1.2500641626420774,0.08113973387600254,14,1.1631893312749941,0.05090737496490394,10,4
bus_42,42,이천,5.190083480947195,0.9439315104219357,1.1685369547541413,0.05381947120301559,11,3,1.2586044262688425,0.08443016178332655,13,1.177916956143786,0.05276235207186083,10,3
bus_86,86,영주,1.8779835837892056,0.34155286466995854,1.1428449437325445,0.044064900073475244,10,3,1.2610969831061047,0.08395797482078732,13,1.1265183285541238,0.03570627884306196,9,4
bus_174,174,함안,2.7219798844250915,0.4950522651659915,1.1716048929586007,0.05151864762635389,9,21,1.2742346277404832,0.08710593664650397,10,1.1952331185911458,0.04763860652732624,8,2
bus_193,193,남해,1.5202959882540317,0.2764994616655258,1.1646441324555177,0.05189871387513214,11,3,1.2783884479228693,0.09050238394384805,13,1.1228908519826535,0.035101968416412374,11,2
bus_188,188,하동,1.379112649147923,0.2508221477999461,1.1132638989389565,0.033617692229171194,10,4,1.2806747892317123,0.08839265022677414,13,1.0872177151621076,0.02488067692642426,8,5
bus_108,108,군산,5.025705708898783,0.9140357757542665,1.1803493634432598,0.05604508090056513,10,4,1.289389079191752,0.09201026253309619,13,1.1546069735361406,0.047594489786023306,9,4
bus_149,149,구미,8.003163773450943,1.4555524003727538,1.1973640535502488,0.06458390034877481,11,4,1.2914026558826956,0.09288858669645107,14,1.1952028259252423,0.061628521044235884,10,4
bus_48,48,오산,6.191412391954725,1.1260453270621245,1.1869912552758297,0.06032805873751034,11,3,1.2972296676396988,0.09427107130720638,13,1.189382323475933,0.05637382425854598,10,3
bus_106,106,서천,2.1849394495701713,0.39737958019065406,1.1927328300251314,0.06043621279391707,10,4,1.2987579054506517,0.09541737754821687,14,1.173957994418962,0.05358487934067175,10,4
bus_83,83,단양,1.9116617403488592,0.3476779825618539,1.2696449206314695,0.0755418494973701,10,21,1.3207975753882715,0.09687304223301545,10,1.2580976492792402,0.07337654006471916,14,4
bus_79,79,영월,1.104383817090454,0.20085663137762955,1.2205950783195465,0.06936408867687639,10,4,1.3235358336831564,0.09477232393119352,10,1.206414826654466,0.06590513968619024,13,3
bus_73,73,동해,2.0794176165957934,0.37818810021780824,1.2239646582148764,0.06746341548850818,10,4,1.3277334502792728,0.09461073123444365,10,1.2234458228628338,0.07006826808565121,13,3
bus_146,146,군위,1.192842843027713,0.21694486238006636,1.224014755261232,0.0717893631186266,11,3,1.3485894581537647,0.10881033349782478,13,1.1969483805243335,0.05866496193102113,9,4
bus_47,47,화성,7.730572020991294,1.405975559157699,1.24043072697975,0.0776465795422576,10,3,1.349198144837295,0.10822360748161138,14,1.245259232915514,0.07538942526909184,10,4
bus_161,161,고령,1.154452497562032,0.20996272867950658,1.239026092814266,0.07750061675962766,10,4,1.3601451295906977,0.11533125581352908,14,1.2104245600549204,0.06371654445876007,8,6
bus_8,8,파주,7.117928456205748,1.2945527723024939,1.2393099358074962,0.07658580480655106,11,3,1.3625173357683873,0.11344763146739141,13,1.2480859572155725,0.07341156353938338,10,3
bus_166,166,동울산,7.911037824971202,1.4387972583761428,1.2466823760079788,0.07690739140448895,10,4,1.3790823176691709,0.11314834257989716,14,1.2276213319613782,0.06692125214165888,9,5
bus_60,60,예산,1.6638926430863605,0.3026156903899779,1.2582583946029848,0.08036752982599785,10,3,1.3871406935797654,0.11846283056105995,14,1.2277988743771215,0.06597566481641544,9,5
bus_44,44,서수원,9.99991560787355,1.818705899140817,1.266315956493631,0.08476369386549013,11,3,1.3897432155595038,0.1188201225196397,14,1.2722531615387493,0.08166344088217946,10,4
bus_82,82,울진,0.6037147401827927,0.10979888255298913,1.2583204444561422,0.074711879775941,19,3,1.393963098668479,0.12001562712868435,12,1.1869941182583792,0.05402330126370248,19,7
bus_148,148,김천,2.3381810987341223,0.42524996452760844,1.2512859733677884,0.07962912100194525,10,3,1.3953830049282923,0.12190547916805224,14,1.2198717203548275,0.06434824921583798,9,5
bus_133,133,순천,2.3049338085508837,0.4192032092190844,1.2071393377680604,0.0664716328238335,13,4,1.3984809067339963,0.12094481923341653,13,1.1882717626623682,0.05278608954787045,9,4
bus_139,139,신안,0.3397542445910784,0.061791826363955034,1.2670294789518954,0.08228869932692212,18,3,1.4004343542814524,0.12290962751363194,13,1.2560351364454132,0.07193866758581542,18,5
bus_80,80,태백,0.7906268000080043,0.14379297601883992,1.24210674603805,0.07173956687152408,10,3,1.4057266424751682,0.11970706203084958,13,1.2201654993486744,0.0625874930920911,10,3
bus_76,76,정선,0.6964814060661269,0.12667055318516976,1.2168792461657547,0.06390269141117662,19,3,1.4132120970165138,0.1226861515618297,13,1.1631572413525253,0.045929772275345504,19,6
bus_173,173,의령,0.4352045674058241,0.07915157938440957,1.2117543573922265,0.06556197437368647,10,3,1.4158221434660676,0.1272939162116859,14,1.1570863669749818,0.03691447814444514,8,6
bus_55,55,천안,8.11037304380746,1.4750507781677082,1.2856288203600077,0.089631796835971,11,3,1.4227301336256488,0.12651410261945387,14,1.2948125475749597,0.08645471192990252,10,4
bus_75,75,삼척,0.9884295378748562,0.17976778024032744,1.3173838671529197,0.09544453963123695,10,3,1.4290003491524759,0.12706765287264643,10,1.3073161803372735,0.09493380664224708,10,0
bus_117,117,정읍,1.4130037068716135,0.2569859864789112,1.2449034974882196,0.07542573942468829,10,3,1.434846527101799,0.13065545506631107,13,1.1774891322779952,0.047897288747471116,9,4
bus_152,152,칠곡,2.4017776910265236,0.43681641189606174,1.3071385856582578,0.09668796653691553,10,3,1.4351475661137498,0.13080806343554724,14,1.2989887168907117,0.09010013641029896,10,4
bus_61,61,동청주,8.36746703616876,1.5218090088244758,1.2787947682586969,0.08711493866778282,11,3,1.4406276061503285,0.1318783278218692,14,1.2350183730991304,0.07021234188691672,10,4
bus_41,41,여주,2.4088410217979748,0.43810103487143026,1.281195010699487,0.08810130540115083,11,3,1.4420090286784821,0.13240222386424666,13,1.2629124672646441,0.07601232464249666,10,3
bus_62,62,충북,4.18105745087953,0.7604178023836603,1.2821757173742523,0.0880830114375433,11,3,1.4453342656399457,0.13289352416194553,14,1.24066180690363,0.07156564775543157,10,4
bus_50,50,안성,3.602214771478958,0.6551424543725823,1.3099448314972573,0.09623349719852647,11,3,1.4539374287136613,0.13568984711189014,14,1.283500419961062,0.08339227745572074,10,4
bus_56,56,증평괴산,1.6562688154035212,0.30122912865040724,1.335232690288296,0.10378397361257562,10,3,1.4648280903074087,0.13964995243055228,14,1.3117949806889142,0.09231331373309952,10,4
bus_34,34,제물포,6.837940406096578,1.2436307507184774,1.317962559398771,0.09596014415804514,10,4,1.4720601374928721,0.1363481262780286,13,1.3066457620391787,0.0869289893110808,10,3
bus_145,145,완도,3.6696818294382183,0.6674128315557227,1.295749966688408,0.08430279411024928,19,3,1.4815435320834374,0.14542765160257057,13,1.2111765647538981,0.056809593361151836,18,5
bus_154,154,성주,1.2597328018126985,0.2291102813101776,1.3398039852139323,0.10498542221900493,10,3,1.4924477458043623,0.14585889535155525,14,1.2957939186668608,0.08720657424071561,9,5
bus_52,52,음성,2.6896890127067374,0.48917945571584664,1.360309303879863,0.1118206710555907,10,3,1.4943470006864028,0.14815898607864317,14,1.3334408792608476,0.10068001682402229,9,5
bus_118,118,고창,0.6450841163334143,0.11732281889397893,1.2303519567775238,0.07105269677981924,11,3,1.494657600044368,0.14504936561967097,13,1.1536065029860003,0.04233280586781026,8,5
bus_64,64,세종,3.2143772164057367,0.5846056141651866,1.3234713434583123,0.09900149060394756,10,3,1.4986075572325623,0.1432220220676576,13,1.3087392067533583,0.08817006755839583,10,3
bus_141,141,강진,0.594242202333251,0.10807609196731341,1.2241125629221967,0.06836846935261336,11,3,1.500113583852358,0.14625849502678603,14,1.1457023966005473,0.038408196044807066,8,6
bus_46,46,동용인,11.135593012994667,2.0252539618653107,1.3399391552156295,0.1061445824503169,11,3,1.5005830996929248,0.1478055066406149,13,1.367030280291172,0.10570682757243564,10,3
bus_116,116,임실,0.2721339680993636,0.04949358300076265,1.2403255090659502,0.07377842157786949,11,3,1.5012186464532074,0.14707006466588154,13,1.1724918194302616,0.04429777822688017,8,5
bus_84,84,충주,2.8308254517018754,0.5148482397585921,1.3523259960301242,0.10648532745985653,11,3,1.5096704755492025,0.14699295743560656,14,1.3468883081405085,0.09827531532038705,10,4
bus_123,123,곡성,0.39415350472489563,0.0716855353904963,1.329222244867937,0.1026242158879924,10,3,1.5114906262692267,0.15131683234830723,14,1.2751413864103511,0.0768021210467114,9,5
bus_121,121,장성,0.5663845916413492,0.10300956911971672,1.2915439534074244,0.08902492671466426,10,3,1.5148348691586615,0.15109103905628965,13,1.2325966957335976,0.06197931409245118,9,4
bus_168,168,창녕,1.0527786608718457,0.19147109196698,1.2891727859077124,0.0885093788272441,10,3,1.518240766085716,0.15116960326360465,14,1.200103323094157,0.046871140252349265,8,6
bus_114,114,부안,0.6050823683995696,0.11004761600267195,1.3034561417255768,0.09217433438188687,11,3,1.5192227136959418,0.15033256388719765,13,1.2253113324121556,0.06336327289499542,9,4
bus_105,105,금산,1.0012125667321716,0.18209265685962425,1.373721279999607,0.1161029780296781,10,3,1.5225686041785997,0.15551267338369226,14,1.3439532666960337,0.10167881199146894,9,5
bus_40,40,안산,9.066852762442807,1.649007776896877,1.3721376589120875,0.11403363512129203,10,4,1.5234375368304907,0.15090483943377536,14,1.3733902106369535,0.10903252288681226,10,4
bus_109,109,익산,3.113927629484334,0.5663366343593599,1.3552035215427198,0.1068302536946081,11,3,1.5244377432794727,0.1502324565598478,13,1.3240580512955598,0.0920881748680247,10,3
bus_129,129,함평,0.5014203317918982,0.09119438114668162,1.2824583375460827,0.08633513085853786,11,3,1.5253272237910926,0.15214955525144497,13,1.1981436997149033,0.05109527898345428,8,5
bus_97,97,청양,0.5732327401314823,0.10425505643636875,1.3106448273703504,0.09394123488132614,11,3,1.5262076733156773,0.1522284788395064,13,1.2202506170761067,0.06001771985701155,9,4
bus_158,158,경주,4.261701812037064,0.7750847636982304,1.350723418235913,0.10347145305118054,10,3,1.528030708839425,0.1485907571777411,14,1.3023782093302738,0.0849162924769046,9,5
bus_95,95,의성,0.38684823090662646,0.07035690971912921,1.3071201693307282,0.09380360543705865,11,3,1.5297157786618383,0.15309665005357573,13,1.226610010376913,0.0620854392538701,9,4
bus_96,96,공주,1.685624537340041,0.30656811617320684,1.339931669831402,0.10327546950565918,11,3,1.531187766075671,0.15326905424135417,13,1.301228140397953,0.08499729827057366,10,3
bus_125,125,구례,0.43417311217720705,0.07896398643037421,1.3140872226690847,0.09690740276853134,11,3,1.5344894411064387,0.15407784654458426,13,1.2684358937372247,0.07474152140978296,10,3
bus_54,54,진천,3.5460500571712945,0.6449276584442567,1.4101815392188382,0.12866868569839696,10,3,1.5381439192283886,0.16071252061835264,14,1.3972216293938353,0.11960334089786873,9,5
bus_140,140,장흥,0.4040794744862107,0.07349079260140548,1.3023283575767735,0.0914745437947971,11,3,1.538172136209809,0.15530617750003786,13,1.2051359903582972,0.05893713284533758,9,4
bus_103,103,부여,0.6772636900835572,0.12317538634616237,1.258186008717334,0.07979461439562704,11,3,1.5405874147809309,0.155431679214317,13,1.1557751549225783,0.04229535115209797,8,5
bus_120,120,순창,0.27107318099725,0.04930065539657092,1.3237249542664002,0.0986305433575122,11,3,1.5406609986690674,0.15594371087517825,13,1.256559324613256,0.07227286189637122,9,4
bus_163,163,청도,0.4885203110927594,0.08884822697253142,1.2627303540489565,0.07858474541443419,18,3,1.5431007568718247,0.15753046281668528,13,1.146081934969749,0.045256036196870734,8,5
bus_100,100,보령,1.614503588074857,0.2936331980145735,1.3328409353329427,0.10242011024215762,11,3,1.5432180972038363,0.1562458640141057,13,1.228044234482346,0.06612168946095552,10,3
bus_21,21,서인천,7.084809805544971,1.2885294129372495,1.37539440158342,0.11359695719571475,11,4,1.5438574596826995,0.15477689805996867,14,1.383580553052425,0.10944507066794215,10,4
bus_153,153,영천,1.8582210843382458,0.3379586169040146,1.372202125856781,0.11058071367814316,10,3,1.5472196716961482,0.1556638402988462,14,1.333697886548587,0.09375482691858211,9,5
bus_171,171,산청,0.35900436033394156,0.06529288581620912,1.2708938116442743,0.08294421978316815,11,3,1.549325331090956,0.15955296358878662,14,1.162167581806096,0.04301426665560837,8,6
bus_164,164,합천,0.4532297005313488,0.08242984864524,1.283243364556241,0.08473176264192396,18,3,1.5510699185771566,0.15891661687282554,13,1.1626076073383904,0.04526498712184919,8,5
bus_88,88,영양,0.17702711540442037,0.03219629762079216,1.3427169118840914,0.1013431594215013,18,3,1.5520499096478975,0.15754541192128016,13,1.3047021711305749,0.08723596698155113,10,3
bus_122,122,담양,0.5603226254326231,0.10190706644504198,1.3161843002724924,0.0976200602652511,11,3,1.5544809437437368,0.161252562174514,13,1.2115495108403505,0.06007434348788645,9,4
bus_131,131,나주,1.4517992013442578,0.26404180549021655,1.3327618827352272,0.1001717672201321,11,3,1.5546269605193126,0.15795282746679987,13,1.2360753559588034,0.06371468530561801,9,4
bus_176,176,마산,2.958749930455203,0.5381141365197614,1.3669341829924875,0.10988597149449474,10,4,1.5552443592335081,0.1558636694619305,14,1.3513196505409562,0.09968579783764457,9,5
bus_142,142,고흥,0.6258271564281088,0.11382051467935918,1.2611844665699212,0.0764049877483104,18,3,1.5605648285108502,0.1609620893602273,13,1.1413431199897552,0.04130451138478061,8,5
bus_147,147,영동,0.5520908071007492,0.10040992815429012,1.3365210192259593,0.09973718595829796,11,3,1.5647491737883603,0.16027469470074343,13,1.2969770117589243,0.0818383962337472,10,3
bus_111,111,김제,1.4490993972936668,0.26355078639106855,1.355905669093893,0.1062660990171844,10,3,1.5655227485632137,0.16089470777092646,13,1.26705565763081,0.07242445321299484,9,4
bus_63,63,홍성,1.3553613650239162,0.24650245129025863,1.346254418506829,0.10481376804404552,11,3,1.5698079438078272,0.161221229264961,13,1.2780650360436627,0.07680418945907427,9,4
bus_183,183,진해,5.200498161692586,0.9458256505379181,1.3851213342277808,0.11496445968064184,10,4,1.5760275859722088,0.1603524853797332,14,1.3705712798924372,0.10506485525853325,9,5
bus_59,59,태안,1.0979889873396278,0.19969359010329402,1.4171015438740466,0.12078976707384806,18,3,1.576998062888763,0.1680806506176461,13,1.320902037216771,0.08950367797523415,18,5
bus_11,11,김포,4.696793137194067,0.854215747474233,1.4152987084005513,0.12426156312251012,11,3,1.5775923504640337,0.16322040022847942,14,1.4368823816937188,0.12382057774757228,10,4
bus_28,28,양평,1.259379249219411,0.2290459799488178,1.423885311294138,0.11910884998341119,18,3,1.578214797302841,0.16597129086887352,13,1.4001401836792133,0.11088578789627429,18,5
bus_172,172,양산,3.6288095146339043,0.6599792968179278,1.4160142676292886,0.12181943517354084,10,3,1.5822580831276492,0.16205662892312359,14,1.3984162562765154,0.11117120913461036,10,4
bus_87,87,예천,0.45820326082639834,0.0833344006237804,1.36605638152197,0.10859049904680171,18,3,1.582768879950372,0.16475590525476588,13,1.3075062804480961,0.0884643502360081,18,5
bus_81,81,제천,1.26938877624796,0.23086643389745903,1.4178165237070643,0.1203309560320708,10,3,1.5841918961131791,0.16201262528717578,13,1.4248424057471827,0.11943651447059932,10,3
bus_93,93,상주,0.8153270962496274,0.1482852713787923,1.3367310698499564,0.10206316030404172,11,3,1.584286210460614,0.165716717454813,13,1.2454215705846525,0.07093676572288013,9,4
bus_144,144,진도,2.3214214195846075,0.4222018460701957,1.3647895723233179,0.10203462916230932,19,3,1.584522291298481,0.16847844695960723,13,1.2515400695303398,0.06649354917571555,18,5
bus_115,115,장수,0.2279556326151833,0.041458775257381474,1.234478983100048,0.07036918163451591,18,3,1.585502259666877,0.16570084916801905,13,1.1923874109603134,0.04854549510994042,8,5
bus_91,91,보은,0.5291803495210204,0.09624315455477483,1.3705655744042569,0.10895496340906703,11,3,1.5857017675860314,0.16682504929492029,13,1.3059762305110605,0.08440240157778063,10,3
bus_143,143,해남,2.3679698068587194,0.4306677001684305,1.353967533292933,0.10106459728483018,19,3,1.5904672663852721,0.16893705862150618,13,1.2476831427091684,0.06597177034661024,18,5
bus_110,110,전북,4.120491724328858,0.7494025850075526,1.391829823101588,0.11954114007343809,11,3,1.5932424434567354,0.16750723618107202,13,1.3803668208201938,0.10798645680532842,10,3
bus_112,112,진안,0.21423397548540013,0.038963188319800196,1.305884413077024,0.091970963357372,11,3,1.593536658809376,0.1667552930135851,13,1.2099196763200666,0.055348585249049634,8,5
bus_170,170,밀양,1.3951413655582374,0.2537373245108516,1.3072288260676561,0.09079341788000421,10,3,1.5944912172762062,0.16589185954223035,14,1.197612735684039,0.046105861986661244,8,6
bus_177,177,경남,3.290171059263231,0.5983904014102852,1.402887816145856,0.11971836423311455,10,4,1.5948351082515806,0.16446557407922965,14,1.3858785230691655,0.10930654480832087,9,5
bus_89,89,문경,0.6095689453129673,0.11086359927886288,1.3723041692354492,0.111457314593874,11,3,1.5961689648109956,0.16808879641301833,13,1.3293058430781475,0.09221535671403054,10,3
bus_35,35,시흥,3.2234242375282864,0.5862510151195984,1.4209478222823233,0.12623073843167495,11,4,1.5969848394817379,0.16611909187594817,14,1.4316993622834229,0.12251450346399392,10,4
bus_104,104,논산,1.727931504185842,0.31426257412609504,1.3613933494716635,0.10775706478440614,11,3,1.5977273447016958,0.16747664098418213,13,1.2714037670219316,0.07452293392740854,9,4
bus_160,160,남대구,5.35509515526223,0.9739425342417332,1.4299861878158784,0.12613307078654729,10,4,1.5985273329632672,0.16418227370939056,14,1.4174828516287652,0.11779862020077018,10,4
bus_138,138,보성,0.25307603713587623,0.04602747660268242,1.3426426527655406,0.10445984487134607,18,3,1.599248175025262,0.1695940256205231,13,1.2431155284304904,0.06758236588868655,18,5
bus_10,10,고양,6.0182153849191815,1.0945456193884855,1.4157492781495458,0.1219469874883944,18,3,1.6026937628432576,0.17213274332847864,13,1.3899237932352062,0.11090048870076874,10,3
bus_98,98,대전세종충남,3.265780811242513,0.5939544951790504,1.417852125532135,0.12632266448795082,11,3,1.6042445131139826,0.17031697817432148,13,1.435885706389472,0.12234291166300663,10,3
bus_113,113,남전주,1.9656923042303354,0.3575046360175866,1.3975419050509752,0.12198229689667292,11,3,1.6067781311678124,0.1713587588562768,13,1.3882934722184292,0.11075370581489918,10,3
bus_169,169,함양,0.31037608183798027,0.05644875748216271,1.354965981036093,0.10641933682633166,18,3,1.6104401677186047,0.17195135232758776,13,1.2570765759586322,0.07157128165308753,18,5
bus_78,78,평창,0.4448645423618843,0.08090845955490886,1.3613734685304364,0.09937509883768579,19,3,1.6130364549607392,0.16956896863152338,13,1.2573046653233206,0.06746351117388819,18,5
bus_74,74,횡성,0.7908458319121215,0.1438328118166345,1.4119617407659601,0.12053883735369611,11,3,1.6151501270637554,0.17107647436923926,13,1.353822439311251,0.09901134898918561,10,3
bus_71,71,강릉,2.01488367237637,0.36645117466272864,1.3951591845232452,0.11701916900129272,13,3,1.6214722159667947,0.17097067395533996,13,1.3769965217045184,0.1075111148955701,10,3
bus_159,159,경산,2.4057117529743506,0.4375319081014961,1.4235791244223206,0.1250549157374996,10,3,1.622387304452153,0.17042980456450066,13,1.403250105831929,0.11272505286808772,10,3
bus_2,2,연천,0.7775529734615059,0.1414152114059327,1.4133181009487605,0.12238697970386472,11,3,1.6237069423092647,0.1751253423712682,13,1.396585777857661,0.11073152169513344,10,3
bus_128,128,광산,3.745082515767957,0.6811261145877505,1.4263934191046252,0.1272420219328127,11,3,1.6249981420700916,0.17302759953458577,14,1.4171260016096023,0.11661337109920768,10,4
bus_124,124,영광,0.8056764117135942,0.14653008087672334,1.3614487961738302,0.10883868584077883,10,3,1.6253195352182939,0.17620822004940537,13,1.3243790093036822,0.08593999365712426,9,4
bus_3,3,포천,2.459797661594551,0.4473686272224556,1.4436649907708128,0.13233639160234834,11,3,1.6340157288294257,0.1788220766589673,14,1.4191329654937266,0.12062681692537336,10,4
bus_37,37,남인천,6.4953690343396495,1.181326567451117,1.4396916734227057,0.13060166760755904,11,4,1.636351841841883,0.1748277179850904,13,1.445158535768312,0.12339342940719643,10,3
bus_130,130,화순,0.5230636616367315,0.0951306995326944,1.3517241267079219,0.10678507262122279,18,3,1.6381411304357505,0.17812025403920528,13,1.215776994160752,0.06020897400626251,18,5
bus_119,119,남원,0.6868311701278301,0.12491544427052433,1.371527770362439,0.11099110999724429,11,3,1.6404666208253917,0.17616582225580454,13,1.2741904704036358,0.07864878356145406,18,5
bus_92,92,청송,0.20363689656239342,0.03703587505970045,1.3825272695621535,0.11166387665575363,18,3,1.6408883555381095,0.17893514710819317,13,1.3202965435331193,0.08949319056600796,10,3
bus_162,162,거창,0.46539131050816274,0.08464170649236685,1.3773889789693403,0.11203996361294158,11,3,1.6410657591781714,0.17722342756263415,13,1.2742794442095076,0.07741649289589685,9,4
bus_132,132,무안,0.72180223981923,0.1312757070208355,1.3901491888501951,0.11706059433841952,11,3,1.6426636022826544,0.17656460686550074,13,1.3148924103183617,0.08738651777847836,9,4
bus_90,90,경북,1.2324044324422716,0.2241400127062345,1.4193890920794279,0.12344910047704745,11,3,1.644767700947862,0.17806299112253574,13,1.3786963383986817,0.1053597926127372,10,3
bus_4,4,동두천,2.245547794035497,0.4084025485774529,1.4385592220333199,0.1295473618171719,11,3,1.6462423580893555,0.17770917978068507,13,1.433215328334837,0.12095634487382878,10,3
bus_187,187,영도,1.5552007905670953,0.2828476722269359,1.4335255349601448,0.1284420084085666,13,4,1.65323159967318,0.17894359078782698,14,1.4252318351585385,0.11746819957585362,10,4
bus_6,6,강화,0.577682058817166,0.10506426347952012,1.4058365585811265,0.12026731169759723,18,3,1.654798332525927,0.1824117166284665,13,1.386310444628423,0.10851153445391862,10,3
bus_182,182,서부산,3.257776556608349,0.592498744381522,1.4785684863448634,0.13899747129077764,10,4,1.6630328275652084,0.1795864416766547,14,1.4605001519012353,0.13009385675267104,9,5
bus_178,178,김해,5.673041997518216,1.0317682020072554,1.485138236928525,0.1407162330226206,10,3,1.6752582950203911,0.1816918554243521,14,1.4587159481783978,0.12931924993645755,9,5
bus_38,38,광주,2.5996415085274727,0.4728023248003827,1.4850559830940158,0.14049557013685038,11,3,1.678493378152243,0.18420352692703615,14,1.4943693102485585,0.13509799464870015,10,4
bus_26,26,부천,5.504715668136118,1.0011543348275262,1.4892884294534676,0.14030224422872792,18,3,1.6787461862052493,0.18737093412883474,13,1.4862532038761302,0.1338302959468673,10,3
bus_186,186,중부산,2.3864935909311096,0.4340366601364867,1.4607162304318326,0.1355970333970914,11,3,1.6798996874169587,0.18470994989722556,13,1.4547386367823683,0.12602843881955636,10,3
bus_126,126,광주전남,3.2774602537454864,0.5960786602032141,1.4793567421108096,0.1362449127689048,19,3,1.6803342031948312,0.18609718261460237,13,1.4379067997466088,0.12227631786027442,11,2
bus_107,107,무주,0.21103307355750286,0.03838103348498796,1.432300246768882,0.1239901767561572,19,3,1.6805114984976712,0.18541251071923925,13,1.380189302394644,0.10689088184094937,18,5
bus_181,181,북부산,3.3990796858364507,0.6181978447311152,1.4772896945473626,0.1383066972100649,10,4,1.6812201577608796,0.18276991080857122,14,1.4728383739884336,0.1299097073921402,10,4
bus_175,175,기장,1.1985412282072812,0.2179812398004415,1.4517135478036705,0.13257563800134345,11,3,1.6836502008019139,0.18546617769820067,13,1.4455741817543597,0.12309153765706984,10,3
bus_25,25,인천,4.956782696994124,0.9015006011335069,1.4833495467625502,0.13941680879566745,18,3,1.684292006283371,0.18667107880586659,13,1.4763080615944124,0.13075097595752225,10,3
bus_190,190,사천,0.9760373609561472,0.17751398869357604,1.4651839194772096,0.1364256270590225,10,3,1.6873124894255733,0.18564366845634514,14,1.414980387331461,0.11601681448997431,9,5
bus_1,1,철원,0.4338579748143843,0.0789066717286027,1.4126867739268014,0.1220941756547864,11,3,1.6999353765989793,0.19046232737996077,13,1.3895551107353552,0.10809103028705028,10,3
bus_68,68,양양,0.4550713032794149,0.08276478485001604,1.4430321249856952,0.12505526801527336,19,3,1.7078122064540198,0.1928172535363894,13,1.3496849132121767,0.0988279190612044,18,5
bus_27,27,영종,0.17858290907668417,0.03247925312167301,1.4208509005485688,0.12487751377018673,11,3,1.7082084208045902,0.19271485931095503,13,1.4157214871246604,0.11414258996452373,10,3
bus_180,180,진주,3.122837512385274,0.5679570936940201,1.4091764369732418,0.12177723618548462,11,3,1.7166867920948008,0.19290426243644396,13,1.2799904445469064,0.07751033207309377,9,4
bus_77,77,원주,2.5659306605599927,0.46667126125268427,1.4916657559234132,0.14296831565601112,11,3,1.7192160915976298,0.19220318431498348,13,1.496415047208152,0.13583055861512833,10,3
bus_72,72,홍천,0.7094620298849312,0.12903136681995678,1.4908217749364896,0.1364057985518164,19,3,1.7208600833321852,0.1936799561458056,13,1.4147796401111283,0.11650240353714246,10,3
bus_136,136,영암,1.161818645326864,0.21130242562487828,1.5091126972915065,0.1559004716962672,10,4,1.7291760894740118,0.2028486199735334,14,1.448815896430622,0.12778569240415943,9,5
bus_189,189,고성,0.7491725900168655,0.13625361076702272,1.4665960349577716,0.135478140026985,11,3,1.7340672152736558,0.19735358585931886,14,1.3021289873026198,0.08485029330341255,9,5
bus_20,20,하남,2.359102123782586,0.42905491580557276,1.5416353313288218,0.14239334794339467,19,3,1.7401473791896613,0.19155516330935674,19,1.4694745762584893,0.13068404335284642,18,1
bus_69,69,인제,0.3952117384038908,0.07187799859820003,1.4594722550924866,0.13348597361383754,11,3,1.7508179359535498,0.20026991934705768,13,1.4420628585111805,0.11951844407639495,10,3
bus_94,94,영덕,0.2837192342416519,0.051600619970105295,1.492460227364482,0.14104777626641718,18,3,1.762112674631468,0.20506862200057452,13,1.4300566150754241,0.12074065893334525,11,2
bus_65,65,속초고성,0.8258152110392323,0.15019276710042637,1.5360629859287336,0.14663437130894344,18,3,1.7722315949376097,0.2063514948861747,13,1.4544115810595692,0.12541385636328362,18,5
bus_5,5,가평,0.666035277501612,0.12113325109207163,1.5204563898610115,0.13889204383297468,19,3,1.774058404800047,0.20701062459552763,13,1.4175866358203386,0.11302043039304879,18,5
bus_67,67,양구,0.21329859815440738,0.03879306925714934,1.4934432797733828,0.14171238864006722,11,3,1.7752896563982385,0.2058262748824056,13,1.509756956279937,0.1359917334091595,10,3
bus_66,66,화천,0.28161630278721744,0.05121815535823824,1.4798208136890958,0.1384018864673891,11,3,1.7754974648166768,0.20533537291590948,13,1.4652492333906806,0.12518779984525133,10,3
bus_157,157,서대구,4.107381499935974,0.7470182006409862,1.5440381868156363,0.15600668145921273,11,3,1.776335167331338,0.20420211560972035,13,1.5449040721279454,0.14677887522031696,10,3
bus_185,185,부산울산,3.980815183147191,0.7239993156820927,1.5606642600588227,0.14776005116825097,19,3,1.7792385316521326,0.20254425891107916,19,1.478134132397306,0.1307061631380515,18,1
bus_16,16,남양주,2.2296247918319345,0.40550659833394787,1.5732129198389038,0.14831723835045776,19,3,1.780823269938547,0.19734785213745912,19,1.4992890960792362,0.13733375602198555,10,9
bus_99,99,대덕유성,3.6300888493511447,0.6602119721412465,1.5258490517993357,0.14881790758436378,11,3,1.7835928886905374,0.20213830318735757,13,1.5139090450066346,0.1368391885575382,10,3
bus_45,45,서용인,0.23632437351578697,0.04298081594663739,1.5718742031245196,0.15771578706091627,18,4,1.7863362809099312,0.20768420273194163,13,1.5463950307273915,0.1482070273580574,11,2
bus_101,101,서대전,3.422946702842308,0.6225385898259307,1.554423161191026,0.15430211870181113,18,3,1.7864108553123204,0.20706503904735682,13,1.5387659676637728,0.1456665903633072,11,2
bus_192,192,통영,0.9710946508047485,0.1766150474962109,1.5579811877345522,0.1580638478333552,11,3,1.7914692343569052,0.20883774345537223,14,1.4916152437283523,0.13350068486604413,11,3
bus_7,7,경기북부,2.5084777773707954,0.45622218331280934,1.5649391008610856,0.15130238489523104,19,3,1.794545549307561,0.20509132076671174,19,1.5199753853836613,0.1406799583026944,10,9
bus_24,24,강서양천,3.6611420443272373,0.6658596826924956,1.5966788618948295,0.15373940848951928,19,3,1.7993420143905012,0.20404884547586666,19,1.5362806897878158,0.14330927859847323,18,1
bus_32,32,광명,3.0693544481022705,0.5582300151535733,1.6100834667549404,0.16045581189484764,18,3,1.803512712192468,0.2077241383028896,19,1.5732425523281488,0.15166167048047566,10,9
bus_155,155,대구,3.918299564796805,0.7126294673412965,1.5673464146543392,0.15989822314738097,18,3,1.8040677550722977,0.20958081685706978,13,1.5610494851323182,0.15041455547293955,10,3
bus_39,39,안양,4.955719016005424,0.9013071472120127,1.5882347458105526,0.16327611622562205,18,3,1.8133072766267404,0.21357739743754886,13,1.5714943139442261,0.15419988146557298,11,2
bus_102,102,옥천,0.5597336462119591,0.10179994754273347,1.5290063694585754,0.1460657923946948,11,3,1.815172297187169,0.21239557247087756,13,1.4487473440223964,0.11976546037839958,10,3
bus_184,184,남부산,2.7631362232618266,0.502537455958049,1.598292593383345,0.1514703911332711,19,4,1.8220776054209034,0.20595240990342903,19,1.513976592644835,0.13314922435104468,18,1
bus_127,127,서광주,2.4397327630921595,0.4437193814984987,1.609224096398814,0.15983641364788184,18,3,1.8249194547430145,0.21271662882224257,19,1.5401301225274313,0.14633768734769526,18,1
bus_135,135,목포,1.2292358066817093,0.22356372800655494,1.609621445952512,0.16100854599440706,19,3,1.8307685707821646,0.21500509190452813,19,1.5484702744153107,0.1478807163935148,11,8
bus_70,70,강원,1.9688328967784634,0.3580758222573565,1.6105211190446678,0.16426172194701505,19,3,1.839932587296292,0.21828256782677946,13,1.5679118563475452,0.15129735204635575,11,2
bus_179,179,동래,2.732334486003087,0.49693547855614506,1.620146782732375,0.15752210787454554,19,3,1.845372396227098,0.2113211329662292,19,1.534627160912841,0.1402362319672688,18,1
bus_156,156,동대구,3.234371206270629,0.5882419635845767,1.62541660956055,0.1621659290722832,19,3,1.8488267239664735,0.21500453092303673,19,1.5499005945899862,0.1477359325547802,18,1
bus_43,43,경기,5.852590654562426,1.064423097763776,1.6488722212819231,0.17120254888287706,18,3,1.8562113813305796,0.2208501168409059,19,1.607103799229901,0.16152823165530827,11,8
bus_36,36,성남,5.820700736436758,1.0586232105954683,1.652187908809358,0.1720525898410101,18,3,1.8616335549933358,0.22209825972260358,13,1.61527734085719,0.16270021690083575,11,2
bus_15,15,구리,2.01987197717474,0.3673584082554167,1.6458591092058528,0.16059881902192408,19,3,1.8617141195920688,0.20993402829944738,19,1.5689602327054955,0.1488813441574418,18,1
bus_9,9,노원도봉,2.479180005907935,0.45089373536578575,1.6344228744850235,0.15843811664925966,19,4,1.8693320552593489,0.21070330255909825,19,1.5374183666846002,0.1425616443644519,18,1
bus_31,31,관악동작,1.7899206671471048,0.32553667490667393,1.6543549226758256,0.16925012926041713,19,3,1.880014118682305,0.2218993454755848,19,1.5805952830975272,0.15327320756418716,10,9
bus_23,23,남서울,5.021193773304742,0.9132151804409455,1.67715234761155,0.17710775919710253,18,3,1.9036666978819043,0.2287900679928019,13,1.6532443372727976,0.16903324457282762,11,2
bus_22,22,강동송파,5.367639273560386,0.9762239596900054,1.6936617680076624,0.16949025489787464,19,3,1.905861177669243,0.21916656508731153,19,1.6187269436378202,0.15670882183238866,18,1
bus_191,191,거제,2.317384847855736,0.4214677061930727,1.6620747537306093,0.1816876910815129,14,4,1.908306964430692,0.2240178631973354,14,1.5914960848389421,0.15735224777339438,10,4
bus_19,19,마포용산,3.9648207509457856,0.7210903743131075,1.6924712284326897,0.17987729959285217,18,3,1.9312784052101415,0.23256785798268356,13,1.6461209830879988,0.16811852331703606,11,2
bus_12,12,강북성북,1.7749867718844203,0.3228206156441327,1.6955969880002824,0.1690883774834241,19,3,1.9344227443548219,0.22191168135563258,19,1.6002812352859432,0.15250703468653246,18,1
bus_14,14,서대문은평,2.6392461099749918,0.4800052978163761,1.7219154645868306,0.1705705923876868,19,3,1.9510451796554553,0.22108525511029756,19,1.6105815414674092,0.15128960162993704,18,1
bus_13,13,동대문중랑,2.006432185193751,0.3649140847313458,1.7411339780979194,0.17486297501472933,19,3,1.962115548507461,0.2233282959011063,19,1.6508225888105217,0.15986489677712326,18,1
bus_33,33,구로금천,2.5044374480176597,0.45548736002857754,1.7005023513043007,0.18844811262786298,18,3,1.9634622720928112,0.2381767156864919,13,1.716692879844937,0.18339225694643863,11,2
bus_17,17,광진성동,5.306228689456288,0.9650550862755269,1.7306101436917616,0.18613899033288525,18,3,1.985157542126222,0.23656835204700255,13,1.6935938236413781,0.17245969662646407,10,3
bus_29,29,강남,4.315528170611645,0.7848742779009087,1.755260077718476,0.1898923665151384,18,3,1.9898627508742563,0.2405571800412013,17,1.7406678246448324,0.18707723172320578,11,6
bus_30,30,서초,4.388490344848853,0.7981440635573862,1.7798216598973187,0.19125444671588346,18,3,2.0050780990802575,0.24109188535395773,17,1.7480822417874862,0.18627361261283298,11,6
bus_18,18,서울,5.4094802494202225,0.9838336668721517,1.7825434381135068,0.20615562536994494,17,3,2.0802170180267727,0.25874639822319934,13,1.809379937410908,0.20159629920592176,11,2
